{"cameraMode":{"drawMode":0,"name":"Shaded","section":"Shading Mode"},"sceneLighting":true,"audioPlay":false,"sceneViewState":{"showFog":true,"showMaterialUpdate":true,"showSkybox":false,"showFlares":true,"showImageEffects":true,"showParticleSystems":true},"in2DMode":false,"pivot":{"x":28.976642608642579,"y":-3.461533308029175,"z":47.85860824584961},"rotation":{"x":0.053936876356601718,"y":0.04192871227860451,"z":-0.002209832426160574,"w":0.9977923631668091},"size":25.912769317626954,"orthographic":false}