{"cameraMode":{"drawMode":0,"name":"Shaded","section":"Shading Mode"},"sceneLighting":true,"audioPlay":false,"sceneViewState":{"showFog":true,"showMaterialUpdate":true,"showSkybox":false,"showFlares":true,"showImageEffects":true,"showParticleSystems":true},"in2DMode":false,"pivot":{"x":5.154387950897217,"y":-1.404715657234192,"z":35.3034782409668},"rotation":{"x":0.04541445150971413,"y":-0.21265849471092225,"z":0.009942354634404183,"w":0.9761349558830261},"size":26.17673683166504,"orthographic":false}