{"cameraMode":{"drawMode":0,"name":"Shaded","section":"Shading Mode"},"sceneLighting":true,"audioPlay":false,"sceneViewState":{"showFog":true,"showMaterialUpdate":true,"showSkybox":false,"showFlares":true,"showImageEffects":true,"showParticleSystems":true},"in2DMode":false,"pivot":{"x":22.465118408203126,"y":-0.6193623542785645,"z":24.150781631469728},"rotation":{"x":0.05090625211596489,"y":-0.04942850396037102,"z":0.0030065798200666906,"w":0.9977039098739624},"size":13.97266674041748,"orthographic":false}