{"cameraMode":{"drawMode":0,"name":"Shaded","section":"Shading Mode"},"sceneLighting":true,"audioPlay":false,"sceneViewState":{"showFog":true,"showMaterialUpdate":true,"showSkybox":false,"showFlares":true,"showImageEffects":true,"showParticleSystems":true},"in2DMode":false,"pivot":{"x":-7.594459533691406,"y":-1.0221376419067383,"z":5.793358325958252},"rotation":{"x":0.08826116472482681,"y":-0.41678619384765627,"z":0.04112632945179939,"w":0.9040356278419495},"size":6.42289924621582,"orthographic":false}