{"cameraMode":{"drawMode":0,"name":"Shaded","section":"Shading Mode"},"sceneLighting":true,"audioPlay":false,"sceneViewState":{"showFog":true,"showMaterialUpdate":true,"showSkybox":false,"showFlares":true,"showImageEffects":true,"showParticleSystems":true},"in2DMode":false,"pivot":{"x":-8.069740295410157,"y":-26.50042152404785,"z":26.032516479492189},"rotation":{"x":-0.3334183692932129,"y":0.19781799614429475,"z":-0.07214289903640747,"w":-0.9193102121353149},"size":30.55555534362793,"orthographic":false}