{"cameraMode":{"drawMode":1,"name":"Wireframe","section":"Shading Mode"},"sceneLighting":true,"audioPlay":false,"sceneViewState":{"showFog":true,"showMaterialUpdate":true,"showSkybox":false,"showFlares":true,"showImageEffects":true,"showParticleSystems":true},"in2DMode":false,"pivot":{"x":-10.771866798400879,"y":-14.22984504699707,"z":52.75236511230469},"rotation":{"x":-0.0005962560535408557,"y":-0.9351601600646973,"z":0.35521313548088076,"w":-0.0007168855518102646},"size":4.9489898681640629,"orthographic":false}